hero_id,author,short_ref,author_first,year,title,source,link
6956284,"Wu, X; Chen, A; Yuan, Z; Kang, H; Xie, Z",Wu_2020,Wu,2020,"Atmospheric organochlorine pesticides (OCPs) and polychlorinated biphenyls (PCBs) in the Antarctic marginal seas: Distribution, sources and transportation",Chemosphere.,http://dx.doi.org/10.1016/j.chemosphere.2020.127359
6956489,"Odetayo, AA; Reible, DD; Acevedo-Mackey, D; Price, C; Thai, L",Odetayo_2020,Odetayo,2020,Development of polyoxymethylene passive sampler for assessing air concentrations of PCBs at a confined disposal facility (CDF),Environmental Pollution.,http://dx.doi.org/10.1016/j.envpol.2020.114720
6956564,"Mao, S; Zhang, G; Li, J; Geng, X; Wang, J; Zhao, S; Cheng, Z; Xu, Y; Li, Q; Wang, Y",Mao_2020,Mao,2020,"Occurrence and sources of PCBs, PCNs, and HCB in the atmosphere at a regional background site in east China: Implications for combustion sources",Environmental Pollution.,http://dx.doi.org/10.1016/j.envpol.2020.114267
6393956,"Andersen, HV; Gunnarsen, L; Knudsen, LE; Frederiksen, M",Andersen_2020,Andersen,2020,"PCB in air, dust and surface wipes in 73 Danish homes",International Journal of Hygiene and Environmental Health 229:113429.,http://dx.doi.org/10.1016/j.ijheh.2019.113429
6394036,"Ullah, R; Asghar, R; Baqar, M; Mahmood, A; Alamdar, A; Qadir, A; Sohail, M; SchÃ¤fer, RB; Musstjab Akber Shah Eqani, SA",Ullah_2020,Ullah,2020,Assessment of polychlorinated biphenyls (PCBs) in the Himalayan Riverine Network of Azad Jammu and Kashmir,Chemosphere 240:124762.,http://dx.doi.org/10.1016/j.chemosphere.2019.124762
6956865,"Zhao, S; Jones, KC; Li, J; Sweetman, AJ; Liu, X; Xu, Y; Wang, Y; Lin, T; Mao, S; Li, K; Tang, J; Zhang, G",Zhao_2020,Zhao,2020,Evidence for major contributions of unintentionally produced PCBs in the air of China: Implications for the national source inventory,Environmental Science and Technology 54:2163-2171.,http://dx.doi.org/10.1021/acs.est.9b06051
6956803,"Anh, HQ; Watanabe, I; Tue, NM; Tuyen, LH; Viet, PH; Chi, NK; Minh, TB; Takahashi, S",Anh_2020,Anh,2020,"Polyurethane foam-based passive air sampling for simultaneous determination of POP- and PAH-related compounds: A case study in informal waste processing and urban areas, northern Vietnam",Chemosphere 247:125991.,http://dx.doi.org/10.1016/j.chemosphere.2020.125991
6956497,"Odetayo, AA; Reible, DD; Acevedo-Mackey, D; Price, C; Thai, L",Odetayo_2020,Odetayo,2020,Application of polyoxymethylene passive air sampler to monitor hydrophobic organics in air around a confined disposal facility,Chemosphere 263:127827.,http://dx.doi.org/10.1016/j.chemosphere.2020.127827
5880746,"Mao, S; Zhang, G; Zhao, S; Li, J; Liu, X; Cheng, Z; Zhong, G; Malik, RN; Liu, X",Mao_2019,Mao,2019,"High abundance of unintentionally produced tetrachlorobiphenyls (PCB47/48/75, 51, and 68) in the atmosphere at a regional background site in east China",Environmental Science and Technology 53:3464-3470.,http://dx.doi.org/10.1021/acs.est.8b07286
5881108,"Boesen, AC; Martinez, A; Hornbuckle, KC",Boesen_2019,Boesen,2019,Air-water PCB fluxes from southwestern Lake Michigan revisited,Environmental Science and Pollution Research 27:8826-8834.,http://dx.doi.org/10.1007/s11356-019-05159-1
5202755,"Pegoraro, CN; Wannaz, ED",Pegoraro_2019,Pegoraro,2019,"Occurrence of persistent organic pollutants in air at different sites in the province of CÃ³rdoba, Argentina",Environmental Science and Pollution Research 26:18379-18391.,http://dx.doi.org/10.1007/s11356-019-05088-z
5880535,"Xu, C; Niu, L; Zou, D; Zhu, S; Liu, W",Xu_2019,Xu,2019,Congener-specific composition of polychlorinated biphenyls (PCBs) in soil-air partitioning and the associated health risks,Science of the Total Environment 684:486-495.,http://dx.doi.org/10.1016/j.scitotenv.2019.05.334
5880710,"Martinez, A; Awad, AM; Herkert, NJ; Hornbuckle, KC",Martinez_2019,Martinez,2019,Determination of PCB fluxes from Indiana Harbor and Ship Canal using dual-deployed air and water passive samplers,Environmental Pollution 244:469-476.,http://dx.doi.org/10.1016/j.envpol.2018.10.048
5925969,"Heiger-Bernays, WJ; Tomsho, KS; Basra, K; Petropoulos, ZE; Crawford, K; Martinez, A; Hornbuckle, KC; Scammell, MK",Heiger-Bernays_2019,Heiger-Bernays,2019,Human health risks due to airborne polychlorinated biphenyls are highest in New Bedford Harbor communities living closest to the harbor,Science of the Total Environment 135576.,http://dx.doi.org/10.1016/j.scitotenv.2019.135576
6956819,"Cabrerizo, A; Muir, DCG; Teixeira, C; Lamoureux, SF; Lafreniere, MJ",Cabrerizo_2019,Cabrerizo,2019,"Snow deposition and melting as drivers of polychlorinated biphenyls and organochlorine pesticides in arctic rivers, lakes, and ocean",Environmental Science and Technology 53:14377-14386.,http://dx.doi.org/10.1021/acs.est.9b05150
5881797,"Casal, P; Casas, G; Vila-Costa, M; Cabrerizo, A; Pizarro, M; JimÃ©nez, B; Dachs, J",Casal_2019,Casal,2019,Snow amplification of persistent organic pollutants at coastal Antarctica,Environmental Science and Technology 53:8872-8882.,http://dx.doi.org/10.1021/acs.est.9b03006
5882141,"Kim, I; Lee, S; Kim, SD",Kim_2019,Kim,2019,Determination of toxic organic pollutants in fine particulate matter using selective pressurized liquid extraction and gas chromatography-tandem mass spectrometry,Journal of Chromatography A 1590:39-46.,http://dx.doi.org/10.1016/j.chroma.2019.01.009
5433140,"Sakhi, AK; Cequier, E; Becher, R; BÃ¸lling, AK; Borgen, AR; Schlabach, M; Schmidbauer, N; Becher, G; Schwarze, P; Thomsen, C",Sakhi_2019,Sakhi,2019,Concentrations of selected chemicals in indoor air from Norwegian homes and schools,Science of the Total Environment 674:1-8.,http://dx.doi.org/10.1016/j.scitotenv.2019.04.086
6956471,"RodrÃ­guez-Sierra, CJ; Adelman, D; Vojta, Å ; Mansilla-Rivera, I; Lohmann, R",RodrÃ­guez-Sierra_2019,RodrÃ­guez-Sierra,2019,Passive sampling of persistent organic pollutants in four coastal aquatic systems of Puerto Rico: A pilot study,Bulletin of Environmental Contamination and Toxicology 103:770-775.,http://dx.doi.org/10.1007/s00128-019-02731-w
5017652,"Wu, X; Chen, A; Wang, S; Zou, J; Liu, H; Xiao, Sa",Wu_2018,Wu,2018,"Polychlorinated biphenyls in two typical landforms of Southern Anhui province, China: Sources, air-soil exchange, and risk assessment",Atmospheric Pollution Research 9:569-576.,http://dx.doi.org/10.1016/j.apr.2017.12.007
5881140,"Levy, M; Al-Alam, J; Ridacker, C; Massemin, S; Millet, M",Levy_2018,Levy,2018,"Use of XAD((R))-2 passive air samplers for monitoring environmental trends of PAHs, PCBs and pesticides in three different sites in Strasbourg and its vicinity (east of France)",Atmospheric Environment 195:12-23.,http://dx.doi.org/10.1016/j.atmosenv.2018.09.052
5016961,"Casal, P; Castro-JimÃ©nez, J; Pizarro, M; Katsoyiannis, A; Dachs, J",Casal_2018,Casal,2018,"Seasonal soil/snow-air exchange of semivolatile organic pollutants at a coastal arctic site (TromsÃ¸, 69Â°N)",Science of the Total Environment 636:1109-1116.,http://dx.doi.org/10.1016/j.scitotenv.2018.04.330
5080467,"Cabrerizo, A; Muir, DCG; De Silva, AO; Wang, X; Lamoureux, SF; LafreniÃ¨re, MJ",Cabrerizo_2018,Cabrerizo,2018,Legacy and Emerging Persistent Organic Pollutants (POPs) in Terrestrial Compartments in the High Arctic: Sorption and Secondary Sources,Environmental Science and Technology 52:14187-14197.,http://dx.doi.org/10.1021/acs.est.8b05011
4217246,"Kraft, M; Sievering, S; GrÃ¼n, L; Rauchfuss, K",Kraft_2018,Kraft,2018,"Mono-, di-, and trichlorinated biphenyls (PCB 1-PCB 39) in the indoor air of office rooms and their relevance on human blood burden",Indoor Air 28:441-449.,http://dx.doi.org/10.1111/ina.12448
5068562,"Gaga, EO; ArÄ±, A; Akyol, N; Ãœzmez, Ã–Ã–; Kara, M; Chow, JC; Watson, JG; Ã–zel, E; DÃ¶ÄŸeroÄŸlu, T; Odabasi, M",Gaga_2018,Gaga,2018,"Determination of real-world emission factors of trace metals, EC, OC, BTEX, and semivolatile organic compounds (PAHs, PCBs and PCNs) in a rural tunnel in Bilecik, Turkey",Science of the Total Environment 643:1285-1296.,http://dx.doi.org/10.1016/j.scitotenv.2018.06.227
5016959,"Rauert, C; Harner, T; Schuster, JK; Eng, A; Fillmann, G; Castillo, LE; Fentanes, O; Ibarra, MV; Miglioranza, KSB; Rivadeneira, IM; Pozo, K; AristizÃ¡bal Zuluaga, BH",Rauert_2018,Rauert,2018,Air monitoring of new and legacy POPs in the Group of Latin America and Caribbean (GRULAC) region,Environmental Pollution 243:1252-1262.,http://dx.doi.org/10.1016/j.envpol.2018.09.048
3867953,"Cetin, B; Yurdakul, S; Keles, M; Celik, I; Ozturk, F; Dogan, C",Cetin_2017,Cetin,2017,"Atmospheric concentrations, distributions and air-soil exchange tendencies of PAHs and PCBs in a heavily industrialized area in Kocaeli, Turkey",Chemosphere 183:69-79.,http://dx.doi.org/10.1016/j.chemosphere.2017.05.103
3869165,"Dumanoglu, Y; Gaga, EO; Gungormus, E; Sofuoglu, SC; Odabasi, M",Dumanoglu_2017,Dumanoglu,2017,"Spatial and seasonal variations, sources, air-soil exchange, and carcinogenic risk assessment for PAHs and PCBs in air and soil of Kutahya, Turkey, the province of thermal power plants",Science of the Total Environment 580:920-935.,http://dx.doi.org/10.1016/j.scitotenv.2016.12.040
3593134,"Yadav, IC; Devi, NL; Li, J; Zhang, G; Breivik, K",Yadav_2017,Yadav,2017,Possible emissions of POPs in plain and hilly areas of Nepal: Implications for source apportionment and health risk assessment,Environmental Pollution 220:1289-1300.,http://dx.doi.org/10.1016/j.envpol.2016.10.102
4166474,"Gevao, B; Porcelli, M; Rajagopalan, S; Krishnan, D; Martinez-Guijarro, K; Alshemmari, H; Bahloul, M; Zafar, J",Gevao_2017,Gevao,2017,Seasonal variations in the atmospheric concentrations of polychlorinated biphenyls in Kuwait,Chemosphere 189:652-660.,http://dx.doi.org/10.1016/j.chemosphere.2017.09.063
3864075,"Odabasi, M; Dumanoglu, Y; Kara, M; Altiok, H; Elbir, T; Bayram, A",Odabasi_2017,Odabasi,2017,"Spatial variation of PAHs and PCBs in coastal air, seawater, and sediments in a heavily industrialized region",Environmental Science and Pollution Research 24:13749-13759.,http://dx.doi.org/10.1007/s11356-017-8991-8
3863290,"Apell, JN; Gschwend, PM",Apell_2017,Apell,2017,The atmosphere as a source/sink of polychlorinated biphenyls to/fromÂ the Lower Duwamish Waterway Superfund site,Environmental Pollution 227:263-270.,http://dx.doi.org/10.1016/j.envpol.2017.04.070
4177196,"Wu, Z; Lin, T; Li, Z; Li, Y; Guo, T; Guo, Z",Wu_2017,Wu,2017,"Atmospheric occurrence, transport and gas-particle partitioning of polychlorinated biphenyls over the northwestern Pacific Ocean",Atmospheric Environment 167:487-495.,http://dx.doi.org/10.1016/j.atmosenv.2017.08.056
3605143,"Cetin, B; Ozturk, F; Keles, M; Yurdakul, S",Cetin_2017,Cetin,2017,"PAHs and PCBs in an Eastern Mediterranean megacity, Istanbul: Their spatial and temporal distributions, air-soil exchange and toxicological effects",Environmental Pollution 220:1322-1332.,http://dx.doi.org/10.1016/j.envpol.2016.11.002
3984192,"Marek, RF; Thorne, PS; Herkert, NJ; Awad, AM; Hornbuckle, KC",Marek_2017,Marek,2017,Airborne PCBs and OH-PCBs inside and outside urban and rural U.S. schools,Environmental Science and Technology 51:7853-7860.,http://dx.doi.org/10.1021/acs.est.7b01910
3986095,"Alvarez, AL; Pozo, K; Paez, MI; Estellano, VH; Llanos, Y; Focardi, S",Alvarez_2016,Alvarez,2016,"Semivolatile Organic Compounds (SVOCs) in the atmosphere of Santiago de Cali, Valle del Cauca, Colombia along north-south transect using polyurethane foam disk as passive air samplers",Atmospheric Pollution Research 7:945-953.,http://dx.doi.org/10.1016/j.apr.2016.05.006
3355481,"Wang, Y; Luo, C; Wang, S; Cheng, Z; Li, J; Zhang, G",Wang_2016,Wang,2016,The abandoned e-waste recycling site continued to act as a significant source of polychlorinated biphenyls: An in situ assessment using fugacity samplers,Environmental Science and Technology.,http://dx.doi.org/10.1021/acs.est.6b01620
3458154,"Pegoraro, CN; Harner, T; Su, K; Chiappero, MS",Pegoraro_2016,Pegoraro,2016,Assessing levels of POPs in air over the South Atlantic Ocean off the coast of South America,Science of the Total Environment 571:172-177.,http://dx.doi.org/10.1016/j.scitotenv.2016.07.149
3351206,"Liu, Y; Wang, SY; Mcdonough, CA; Khairy, M; Muir, DCG; Helm, PA; Lohmann, R",Liu_2016,Liu,2016,Gaseous and Freely-Dissolved PCBs in the Lower Great Lakes Based on Passive Sampling: Spatial Trends and Air-Water Exchange,Environmental Science and Technology 50:4932-4939.,http://dx.doi.org/10.1021/acs.est.5b04586
3230514,"Laborie, S; Moreau-Guigon, E; Alliot, F; Desportes, A; Oziol, L; Chevreuil, M",Laborie_2016,Laborie,2016,A new analytical protocol for the determination of 62 endocrine-disrupting compounds in indoor air,Talanta 147:132-141.,http://dx.doi.org/10.1016/j.talanta.2015.09.028
3128376,"Kuzu, SL; Saral, A; GÃ¼neÅŸ, G; Karadeniz, A",Kuzu_2016,Kuzu,2016,Evaluation of background soil and air polychlorinated biphenyl (PCB) concentrations on a hill at the outskirts of a metropolitan city,Chemosphere 154:79-89.,http://dx.doi.org/10.1016/j.chemosphere.2016.03.095
3350698,"Khairy, MA; Luek, JL; Dickhut, R; Lohmann, R",Khairy_2016,Khairy,2016,"Levels, sources and chemical fate of persistent organic pollutants in the atmosphere and snow along the western Antarctic Peninsula",Environmental Pollution 216:304-313.,http://dx.doi.org/10.1016/j.envpol.2016.05.092
3470397,"Moreau-Guigon, E; Alliot, F; Gasperi, J; Blanchard, M; Teil, MJ; Mandin, C; Chevreuil, M",Moreau-Guigon_2016,Moreau-Guigon,2016,Seasonal fate and gas/particle partitioning of semi-volatile organic compounds in indoor and outdoor air,Atmospheric Environment 147:423-433.,http://dx.doi.org/10.1016/j.atmosenv.2016.10.006
3347444,"Wang, Y; Hu, J; Lin, Wei; Wang, N; Li, C; Luo, P; Hashmi, MZ; Wang, W; Su, X; Chen, C; Liu, Y; Huang, R; Shen, C",Wang_2016,Wang,2016,Health risk assessment of migrant workers' exposure to polychlorinated biphenyls in air and dust in an e-waste recycling area in China: Indication for a new wealth gap in environmental rights,Environment International 87:33-41.,http://dx.doi.org/10.1016/j.envint.2015.11.009
2930584,"Li, ZhiY; Zhang, YuL; Chen, Lan",Li_2015,Li,2015,"Seasonal Variation and Gas/Particle Partitioning of PCBs in Air from Central Urban Area of an Industrial Base and Coastal City -Tianjin, China",N/A,http://dx.doi.org/10.4209/aaqr.2015.01.0035
2919837,"Ali, U; Syed, JH; Mahmood, A; Li, J; Zhang, G; Jones, KC; Malik, RN",Ali_2015,Ali,2015,"Influential role of black carbon in the soil-air partitioning of polychlorinated biphenyls (PCBs) in the Indus River Basin, Pakistan",Chemosphere 134:172-180.,http://dx.doi.org/10.1016/j.chemosphere.2015.03.020
2920031,"Wang, X; Kennedy, K; Powell, J; Keywood, M; Gillett, R; Thai, P; Bridgen, P; Broomhall, S; Paxman, C; Wania, F; Mueller, JF",Wang_2015,Wang,2015,Spatial distribution of selected persistent organic pollutants (POPs) in Australia's atmosphere,Environmental Science: Processes & Impacts 17:525-532.,http://dx.doi.org/10.1039/c4em00594e
3023532,"Odabasi, M; Cetin, B; Bayram, A",Odabasi_2015,Odabasi,2015,Persistent Organic Pollutants (POPs) on Fine and Coarse Atmospheric Particles Measured at Two (Urban and Industrial) Sites,Aerosol and Air Quality Research 15:1894-+.,http://dx.doi.org/10.4209/aaqr.2015.02.0118
3266777,"Tremolada, P; Guazzoni, N; Comolli, R; Parolini, M; Lazzaro, S; Binelli, A",Tremolada_2015,Tremolada,2015,Polychlorinated biphenyls (PCBs) in air and soil from a high-altitude pasture in the Italian Alps: evidence of CB-209 contamination,Environmental Science and Pollution Research 22:19571-19583.,http://dx.doi.org/10.1007/s11356-015-5115-1
3070920,"Teil, MJ; Moreau-Guigon, E; Blanchard, M; Alliot, F; Gasperi, J; CladiÃ¨re, M; Mandin, C; Moukhtar, S; Chevreuil, M",Teil_2015,Teil,2015,Endocrine disrupting compounds in gaseous and particulate outdoor air phases according to environmental factors,Chemosphere 146:94-104.,http://dx.doi.org/10.1016/j.chemosphere.2015.12.015
2149390,"Yolsal, D; Salihoglu, G; Tasdemir, Y",Yolsal_2014,Yolsal,2014,Air-soil exchange of PCBs: levels and temporal variations at two sites in Turkey,Environmental Science and Pollution Research 21:3920-3935.,http://dx.doi.org/10.1007/s11356-013-2353-y
2639406,"Tombesi, N; Pozo, K; Harner, T",Tombesi_2014,Tombesi,2014,Persistent Organic Pollutants (POPs) in the atmosphere of agricultural and urban areas in the Province of Buenos Aires in Argentina using PUF disk passive air samplers,Atmospheric Pollution Research 5:170-178.,http://dx.doi.org/10.5094/apr.2014.021
2931388,"Devi, NL; Yadav, IC; Qi Shihua; Chakraborty, P; Dan, Y",Devi_2014,Devi,2014,"Distribution and risk assessment of polychlorinated biphenyls (PCBs) in the remote air and soil of Manipur, India",N/A,http://dx.doi.org/10.1007/s12665-014-3284-8
2696310,"Estellano, VH; Pozo, K; Silibello, C; Mulder, MD; Efstathiou, C; Tomasino, MP; Funaro, F; Donadio, I; Focardi, S",Estellano_2014,Estellano,2014,Characterization of urban pollution in two cities of the Puglia region in Southern Italy using field measurements and air quality (AQ) model approach,Atmospheric Pollution Research 5:34-41.,http://dx.doi.org/10.5094/apr.2014.005
2541292,"Mahmood, A; Syed, JH; Malik, RN; Zheng, Q; Cheng, Z; Li, J; Zhang, G",Mahmood_2014,Mahmood,2014,"Polychlorinated biphenyls (PCBs) in air, soil, and cereal crops along the two tributaries of River Chenab, Pakistan: concentrations, distribution, and screening level risk assessment",Science of the Total Environment 481:596-604.,http://dx.doi.org/10.1016/j.scitotenv.2014.02.074
2533919,"Liu, X; Li, J; Zheng, Q; Bing, H; Zhang, R; Wang, Y; Luo, C; Liu, X; Wu, Y; Pan, S; Zhang, G",Liu_2014,Liu,2014,"Forest filter effect versus cold trapping effect on the altitudinal distribution of PCBs: a case study of Mt. Gongga, eastern Tibetan plateau",Environmental Science and Technology 48:14377-14385.,http://dx.doi.org/10.1021/es5041688
2658586,"Berrojalbiz, N; Castro-Jimenez, J; Mariani, G; Wollgast, J; Hanke, G; Dachs, J",Berrojalbiz_2014,Berrojalbiz,2014,"Atmospheric occurrence, transport and deposition of polychlorinated biphenyls and hexachlorobenzene in the Mediterranean and Black seas",Atmospheric Chemistry and Physics 14:8947-8959.,http://dx.doi.org/10.5194/acp-14-8947-2014
2149665,"Syed, JH; Malik, RN; Li, J; Zhang, G; Jones, KC",Syed_2013,Syed,2013,"Levels, distribution and air-soil exchange fluxes of polychlorinated biphenyls (PCBs) in the environment of Punjab Province, Pakistan",Ecotoxicology and Environmental Safety 97:189-195.,http://dx.doi.org/10.1016/j.ecoenv.2013.06.005
2149967,"Cabrerizo, A; Dachs, J; BarcelÃ³, D; Jones, KC",Cabrerizo_2013,Cabrerizo,2013,Climatic and biogeochemical controls on the remobilization and reservoirs of persistent organic pollutants in Antarctica,Environmental Science and Technology 47:4299-4306.,http://dx.doi.org/10.1021/es400471c
2149644,"Chakraborty, P; Zhang, G; Eckhardt, S; Li, J; Breivik, K; Lam, PK; Tanabe, S; Jones, KC",Chakraborty_2013,Chakraborty,2013,"Atmospheric polychlorinated biphenyls in Indian cities: levels, emission sources and toxicity equivalents",Environmental Pollution 182:283-290.,http://dx.doi.org/10.1016/j.envpol.2013.07.032
1807704,"Shunthirasingham, C; Wania, F; MacLeod, M; Lei, YD; Quinn, CL; Zhang, X; Scheringer, M; Wegmann, F; HungerbÃ¼hler, K; Ivemeyer, S; Heil, F; Klocke, P; Pacepavicius, G; Alaee, M",Shunthirasingham_2013,Shunthirasingham,2013,Mountain cold-trapping increases transfer of persistent organic pollutants from atmosphere to cowsâ€™ milk,Environmental Science and Technology 47:9175-9181.,http://dx.doi.org/10.1021/es400851d
2150287,"Piazza, R; Gambaro, A; Argiriadis, E; Vecchiato, M; Zambon, S; Cescon, P; Barbante, C",Piazza_2013,Piazza,2013,"Development of a method for simultaneous analysis of PCDDs, PCDFs, PCBs, PBDEs, PCNs and PAHs in Antarctic air",Analytical and Bioanalytical Chemistry 405:917-932.,http://dx.doi.org/10.1007/s00216-012-6464-y
2673675,"Gallban-Malagon, CJ; Del Vento, S; Cabrerizo, A; Dachs, J",Gallban-Malagon_2013,Gallban-Malagon,2013,Factors affecting the atmospheric occurrence and deposition of polychlorinated biphenyls in the Southern Ocean,Atmospheric Chemistry and Physics 13:12029-12041.,http://dx.doi.org/10.5194/acp-13-12029-2013
2150880,"Sandy, AL; Guo, J; Miskewitz, RJ; Mcgillis, WR; Rodenburg, LA",Sandy_2012,Sandy,2012,"Fluxes of polychlorinated biphenyls volatilizing from the Hudson River, New York measured using micrometeorological approaches",Environmental Science and Technology 46:885-891.,http://dx.doi.org/10.1021/es203446w
2150915,"Hogarh, JN; Seike, N; Kobara, Y; Habib, A; Nam, JJ; Lee, JS; Li, Q; Liu, X; Li, J; Zhang, G; Masunaga, S",Hogarh_2012,Hogarh,2012,Passive air monitoring of PCBs and PCNs across East Asia: a comprehensive congener evaluation for source characterization,Chemosphere 86:718-726.,http://dx.doi.org/10.1016/j.chemosphere.2011.10.046
1800281,"Pozo, K; Harner, Tom; Rudolph, A; Oyola, G; Estellano, VH; Ahumada-Rudolph, R; Garrido, M; Pozo, K; Mabilia, R; Focardi, S",Pozo_2012,Pozo,2012,"Survey of persistent organic pollutants (POPs) and polycyclic aromatic hydrocarbons (PAHs) in the atmosphere of rural, urban and industrial areas of Concepcion, Chile, using passive air samplers",Atmospheric Pollution Research 3:426-434.,http://dx.doi.org/10.5094/apr.2012.049
2150587,"Frederiksen, M; Meyer, HW; EbbehÃ¸j, NE; Gunnarsen, L",Frederiksen_2012,Frederiksen,2012,Polychlorinated biphenyls (PCBs) in indoor air originating from sealants in contaminated and uncontaminated apartments within the same housing estate,Chemosphere 89:473-479.,http://dx.doi.org/10.1016/j.chemosphere.2012.05.103
2150623,"Tasdemir, Y; Salihoglu, G; Salihoglu, NK; BirgÃ¼l, A",Tasdemir_2012,Tasdemir,2012,Air-soil exchange of PCBs: seasonal variations in levels and fluxes with influence of equilibrium conditions,Environmental Pollution 169:90-97.,http://dx.doi.org/10.1016/j.envpol.2012.05.022
2150648,"GalbÃ¡n-MalagÃ³n, C; Berrojalbiz, N; Ojeda, MJ; Dachs, J",GalbÃ¡n-MalagÃ³n_2012,GalbÃ¡n-MalagÃ³n,2012,The oceanic biological pump modulates the atmospheric transport of persistent organic pollutants to the Arctic,Nature Communications 3:862.,http://dx.doi.org/10.1038/ncomms1858
2169595,"Kaya, E; Dumanoglu, Y; Kara, M; Altiok, H; Bayram, A; Elbir, T; Odabasi, M",Kaya_2012,Kaya,2012,Spatial and temporal variation and air-soil exchange of atmospheric PAHs and PCBs in an industrial region,Atmospheric Pollution Research 3:435-449.,http://dx.doi.org/10.5094/apr.2012.050
1597570,U.S. EPA,U.S. EPA_2012,U.S. EPA,2012,"Polychlorinated biphenyls (PCBs) in school buildings: Sources, environmental levels, and exposures",(EPA/600/R-12/051). U.S. Environmental Protection Agency. [EPA Report],N/A
2151511,"Cabrerizo, A; Dachs, J; Moeckel, C; Ojeda, MJ; Caballero, G; BarcelÃ³, D; Jones, KC",Cabrerizo_2011,Cabrerizo,2011,Factors influencing the soil-air partitioning and the strength of soils as a secondary source of polychlorinated biphenyls to the atmosphere,Environmental Science and Technology 45:4785-4792.,http://dx.doi.org/10.1021/es200400e
2152014,"Gioia, R; Eckhardt, S; Breivik, K; Jaward, FM; Prieto, A; Nizzetto, L; Jones, KC",Gioia_2011,Gioia,2011,Evidence for major emissions of PCBs in the west African region,Environmental Science and Technology 45:1349-1355.,http://dx.doi.org/10.1021/es1025239
2152167,"Wilson, LR; Palmer, PM; Belanger, EE; Cayo, MR; Durocher, LA; Hwang, SA; Fitzgerald, EF",Wilson_2011,Wilson,2011,"Indoor air polychlorinated biphenyl concentrations in three communities along the Upper Hudson River, New York",Archives of Environmental Contamination and Toxicology 61:530-538.,http://dx.doi.org/10.1007/s00244-010-9627-x
2150977,"Su, Y; Hung, H; Stern, G; Sverko, E; Lao, R; Barresi, E; Rosenberg, B; Fellin, P; Li, H; Xiao, H",Su_2011,Su,2011,Bias from two analytical laboratories involved in a long-term air monitoring program measuring organic pollutants in the Arctic: a quality assurance/quality control assessment,Journal of Environmental Monitoring 13:3111-3118.,http://dx.doi.org/10.1039/c1em10513b
1082281,"Zhang, X; Diamond, ML; Robson, M; Harrad, S",Zhang_2011,Zhang,2011,"Sources, emissions, and fate of polybrominated diphenyl ethers and polychlorinated biphenyls indoors in Toronto, Canada",Environmental Science and Technology 45:3268-3274.,http://dx.doi.org/10.1021/es102767g
2180083,"Pan, J; Yang, YL; Zhang, G; Shi, JL; Zhu, XH; Li, Y; Yu, HQ",Pan_2011,Pan,2011,"Simultaneous observation of seasonal variations of beryllium-7 and typical POPs in near-surface atmospheric aerosols in Guangzhou, China",Atmospheric Environment 45:3371-3380.,http://dx.doi.org/10.1016/j.atmosenv.2011.03.053
2184279,"Shunthirasingham, C; Barra, R; Mendoza, G; Montory, M; Oyiliagu, CE; Lei, YD; Wania, F",Shunthirasingham_2011,Shunthirasingham,2011,Spatial variability of atmospheric semivolatile organic compounds in Chile,Atmospheric Environment 45:303-309.,http://dx.doi.org/10.1016/j.atmosenv.2010.10.027
2153430,"Rowe, MD; Perlinger, JA",Rowe_2010,Rowe,2010,"Performance of a high flow rate, thermally extractable multicapillary denuder for atmospheric semivolatile organic compound concentration measurement",Environmental Science and Technology 44:2098-2104.,http://dx.doi.org/10.1021/es903002k
2153443,"Martinez, A; Wang, K; Hornbuckle, KC",Martinez_2010,Martinez,2010,Fate of PCB congeners in an industrial harbor of Lake Michigan,Environmental Science and Technology 44:2803-2808.,http://dx.doi.org/10.1021/es902911a
2153199,"Cindoruk, SS; Tasdemir, Y",Cindoruk_2010,Cindoruk,2010,Ambient air levels and trends of polychlorinated biphenyls at four different sites,Archives of Environmental Contamination and Toxicology 59:542-554.,http://dx.doi.org/10.1007/s00244-010-9507-4
2152712,"Schuster, JK; Gioia, R; Breivik, K; Steinnes, E; Scheringer, M; Jones, KC",Schuster_2010,Schuster,2010,Trends in European background air reflect reductions in primary emissions of PCBs and PBDEs,Environmental Science and Technology 44:6760-6766.,http://dx.doi.org/10.1021/es101009x
1058259,"Hu, D; Lehmler, HJ; Martinez, A; Wang, K; Hornbuckle, KC",Hu_2010,Hu,2010,Atmospheric PCB congeners across Chicago,Atmospheric Environment 44:1550-1557.,http://dx.doi.org/10.1016/j.atmosenv.2010.01.006
198165,"Batterman, S; Chernyak, S; Gouden, Y; Hayes, J; Robins, T; Chetty, S",Batterman_2009,Batterman,2009,"PCBs in air, soil and milk in industrialized and urban areas of KwaZulu-Natal, South Africa",Environmental Pollution 157:654-663.,http://dx.doi.org/10.1016/j.envpol.2008.08.015
198175,"Cindoruk, SS; Tasdemir, Y",Cindoruk_2009,Cindoruk,2009,"Dynamics of atmospheric polychlorinated biphenyls (PCBs): Concentrations, patterns, partitioning, and dry deposition level estimations in a residential site of Turkey",Environmental Monitoring and Assessment 162:67-80.,http://dx.doi.org/10.1007/s10661-009-0776-1
2154069,"Odabasi, M; Bayram, A; Elbir, T; Seyfioglu, R; Dumanoglu, Y; Bozlaker, A; Demircioglu, H; Altiok, H; Yatkin, S; Cetin, B",Odabasi_2009,Odabasi,2009,Electric arc furnaces for steel-making: hot spots for persistent organic pollutants,Environmental Science and Technology 43:5205-5211.,http://dx.doi.org/10.1021/es900863s
2154384,"Moeckel, C; Harner, T; Nizzetto, L; Strandberg, B; Lindroth, A; Jones, KC",Moeckel_2009,Moeckel,2009,"Use of depuration compounds in passive air samplers: results from active sampling-supported field deployment, potential uses, and recommendations",Environmental Science and Technology 43:3227-3232.,http://dx.doi.org/10.1021/es802897x
2153856,"Iacovidou, E; Mandalakis, M; Stephanou, EG",Iacovidou_2009,Iacovidou,2009,Occurrence and diurnal variation of polychlorinated biphenyls and polybrominated diphenyl ethers in the background atmosphere of Eastern Mediterranean,Chemosphere 77:1161-1167.,http://dx.doi.org/10.1016/j.chemosphere.2009.09.043
834268,"Chen, L; Peng, X; Huang, Y; Xu, Z; Mai, B; Sheng, G; Fu, J; Wang, X",Chen_2009,Chen,2009,"Polychlorinated biphenyls in the atmosphere of an urban city: levels, distribution, and emissions",Archives of Environmental Contamination and Toxicology 57:437-446.,http://dx.doi.org/10.1007/s00244-009-9293-z
1058214,"He, J; Balasubramanian, R; Karthikeyan, S; Joshi, UM",He_2009,He,2009,Determination of semi-volatile organochlorine compounds in the atmosphere of Singapore using accelerated solvent extraction,Chemosphere 75:640-648.,http://dx.doi.org/10.1016/j.chemosphere.2009.01.025
2156749,"Chaemfa, C; Barber, JL; Kim, K; Harner, Tom; Jones, KC",Chaemfa_2009,Chaemfa,2009,Further studies on the uptake of persistent organic pollutants (POPs) by polyurethane foam disk passive air samplers,Atmospheric Environment 43:3843-3849.,http://dx.doi.org/10.1016/j.atmosenv.2009.05.020
2155065,"Fu, S; Cheng, HX; Liu, YH; Yang, ZZ; Xu, XB",Fu_2009,Fu,2009,"Spatial character of polychlorinated biphenyls from soil and respirable particulate matter in Taiyuan, China",Chemosphere 74:1477-1484.,http://dx.doi.org/10.1016/j.chemosphere.2008.11.051
2165780,"He, Jun; Balasubramanian, R",He_2009,He,2009,A study of gas/particle partitioning of SVOCs in the tropical atmosphere of Southeast Asia,Atmospheric Environment 43:4375-4383.,http://dx.doi.org/10.1016/j.atmosenv.2009.03.055
198253,"Zhang, Z; Liu, L; Li, YF; Wang, D; Jia, H; Harner, T; Sverko, E; Wan, X; Xu, D; Ren, N; Ma, J; Pozo, K",Zhang_2008,Zhang,2008,Analysis of polychlorinated biphenyls in concurrently sampled Chinese air and surface soil,Environmental Science and Technology 42:6514-6518.,http://dx.doi.org/10.1021/es8004078
2023480,"Odabasi, M; Cetin, B; Demircioglu, E; Sofuoglu, A",Odabasi_2008,Odabasi,2008,"Air-water exchange of polychlorinated biphenyls (PCBs) and organochlorine pesticides (OCPs) at a coastal site in Izmir Bay, Turkey",Marine Chemistry 109:115-129.,http://dx.doi.org/10.1016/j.marchem.2008.01.001
2155075,"Bozlaker, A; Odabasi, M; Muezzinoglu, A",Bozlaker_2008,Bozlaker,2008,Dry deposition and soil-air gas exchange of polychlorinated biphenyls (PCBs) in an industrial area,Environmental Pollution 156:784-793.,http://dx.doi.org/10.1016/j.envpol.2008.06.008
2155391,"Choi, SD; Baek, SY; Chang, YS; Wania, F; Ikonomou, MG; Yoon, YJ; Park, BK; Hong, S",Choi_2008,Choi,2008,Passive air sampling of polychlorinated biphenyls and organochlorine pesticides at the Korean Arctic and Antarctic research stations: implications for long-range transport and local pollution,Environmental Science and Technology 42:7125-7131.,http://dx.doi.org/10.1021/es801004p
2156003,"Xiao, H; Hung, H; Harner, T; Lei, YD; Wania, F",Xiao_2008,Xiao,2008,Field testing a flow-through sampler for semivolatile organic compounds in air,Environmental Science and Technology 42:2970-2975.,http://dx.doi.org/10.1021/es702741b
198198,"Heinzow, B; Mohr, S; Ostendorp, G; Kerst, M; KÃ¶rner, W",Heinzow_2007,Heinzow,2007,PCB and dioxin-like PCB in indoor air of public buildings contaminated with different PCB sources - Deriving toxicity equivalent concentrations from standard PCB congeners,Chemosphere 67:1746-1753.,http://dx.doi.org/10.1016/j.chemosphere.2006.05.120
2157875,"Cindoruk, SS; Esen, F; Tasdemir, Y",Cindoruk_2007,Cindoruk,2007,"Concentration and gas/particle partitioning of polychlorinated biphenyls (PCBs) at an industrial site at Bursa, Turkey",Atmospheric Research 85:338-350.,http://dx.doi.org/10.1016/j.atmosres.2007.02.004
154298,"Ishikawa, Y; Noma, Y; Mori, Y; Sakai, S",Ishikawa_2007,Ishikawa,2007,Congener profiles of PCB and a proposed new set of indicator congeners,Chemosphere 67:1838-1851.,http://dx.doi.org/10.1016/j.chemosphere.2006.05.075
1644170,"Cheng, JP; Wu, Q; Xie, HY; Gu, JM; Zhao, WC; Ma, J; Wang, WH",Cheng_2007,Cheng,2007,"Polychlorinated biphenyls (PCBs) in PM10 surrounding a chemical industrial zone in Shanghai, China",Bulletin of Environmental Contamination and Toxicology 79:448-453.,http://dx.doi.org/10.1007/s00128-007-9267-7
2157879,"Cindoruk, SS; Tasdemir, Y",Cindoruk_2007,Cindoruk,2007,Characterization of gas/particle concentrations and partitioning of polychlorinated biphenyls (PCBs) measured in an urban site of Turkey,Environmental Pollution 148:325-333.,http://dx.doi.org/10.1016/j.envpol.2006.10.018
2156938,"Kallenborn, R; Christensen, G; Evenset, A; Schlabach, M; Stohl, A",Kallenborn_2007,Kallenborn,2007,Atmospheric transport of persistent organic pollutants (POPs) to BjÃ¸rnÃ¸ya (Bear island),Journal of Environmental Monitoring 9:1082-1091.,http://dx.doi.org/10.1039/b707757m
2157126,"Su, Y; Wania, F; Lei, YD; Harner, T; Shoeib, M",Su_2007,Su,2007,Temperature dependence of the air concentrations of polychlorinated biphenyls and polybrominated diphenyl ethers in a forest and a clearing,Environmental Science and Technology 41:4655-4661.,http://dx.doi.org/10.1021/es070334p
2157359,"Sun, P; Basu, I; Blanchard, P; Brice, KA; Hites, RA",Sun_2007,Sun,2007,Temporal and spatial trends of atmospheric polychlorinated biphenyl concentrations near the Great Lakes,Environmental Science and Technology 41:1131-1136.,http://dx.doi.org/10.1021/es061116j
2157646,"Rowe, AA; Totten, LA; Cavallo, GI; Yagecic, JR",Rowe_2007,Rowe,2007,Watershed processing of atmospheric polychlorinated biphenyl inputs,Environmental Science and Technology 41:2331-2337.,http://dx.doi.org/10.1021/es062136o
2158252,"Hazrati, S; Harrad, S",Hazrati_2007,Hazrati,2007,Calibration of polyurethane foam (PUF) disk passive air samplers for quantitative measurement of polychlorinated biphenyls (PCBs) and polybrominated diphenyl ethers (PBDEs): Factors influencing sampling rates,Chemosphere 67:448-455.,http://dx.doi.org/10.1016/j.chemosphere.2006.09.091
2157096,"Manodori, L; Gambaro, A; Moret, I; Capodaglio, G; Cescon, P",Manodori_2007,Manodori,2007,Air--sea gaseous exchange of PCB at the Venice lagoon (Italy),Marine Pollution Bulletin 54:1634-1644.,http://dx.doi.org/10.1016/j.marpolbul.2007.06.012
458898,"Cetin, B; Yatkin, S; Bayram, A; Odabasi, M",Cetin_2007,Cetin,2007,"Ambient concentrations and source apportionment of PCBs and trace elements around an industrial area in Izmir, Turkey",Chemosphere 69:1267-1277.,http://dx.doi.org/10.1016/j.chemosphere.2007.05.064
2159252,"Tuduri, L; Harner, T; Hung, H",Tuduri_2006,Tuduri,2006,Polyurethane foam (PUF) disks passive air samplers: wind effect on sampling rates,Environmental Pollution 144:377-383.,http://dx.doi.org/10.1016/j.envpol.2005.12.047
2160544,"Manodori, L; Gambaro, A; Moret, I; Capodaglio, G; Cairns, WR; Cescon, P",Manodori_2006,Manodori,2006,Seasonal evolution of gas-phase PCB concentrations in the Venice Lagoon area,Chemosphere 62:449-458.,http://dx.doi.org/10.1016/j.chemosphere.2005.04.061
2159383,"Gambaro, A; Manodori, L; Zangrando, R; Cincinelli, A; Capodaglio, G; Cescon, P",Gambaro_2005,Gambaro,2005,"Atmospheric PCB concentrations at Terra Nova Bay, Antarctica",Environmental Science and Technology 39:9406-9411.,http://dx.doi.org/10.1021/es0510921
2161175,"Wethington, DM; Hornbuckle, KC",Wethington_2005,Wethington,2005,"Milwaukee, WI, as a source of atmospheric PCBs to Lake Michigan",Environmental Science and Technology 39:57-63.,http://dx.doi.org/10.1021/es048902d
1509103,"Motelay-Massei, A; Harner, T; Shoeib, M; Diamond, M; Stern, G; Rosenberg, B",Motelay-Massei_2005,Motelay-Massei,2005,"Using passive air samplers to assess urban-rural trends for persistent organic pollutants and polycyclic aromatic hydrocarbons. 2. Seasonal trends for PAHs, PCBs, and organochlorine pesticides",Environmental Science and Technology 39:5763-5773.,http://dx.doi.org/10.1021/es0504183
136825,"Harrad, S; Mao, H",Harrad_2004,Harrad,2004,"Atmospheric PCBs and organochlorine pesticides in Birmingham, UK: Concentrations, sources, temporal and seasonal trends",Atmospheric Environment 38:1437-1445.,http://dx.doi.org/10.1016/j.atmosenv.2003.12.002
2162454,"Gambaro, A; Manodori, L; Moret, I; Capodaglio, G; Cescon, P",Gambaro_2004,Gambaro,2004,Determination of polychlorobiphenyls and polycyclic aromatic hydrocarbons in the atmospheric aerosol of the Venice Lagoon,Analytical and Bioanalytical Chemistry 378:1806-1814.,http://dx.doi.org/10.1007/s00216-004-2498-0
198191,"Harner, T; Shoeib, M; Diamond, M; Stern, G; Rosenberg, B",Harner_2004,Harner,2004,Using passive air samplers to assess urban - Rural trends for persistent organic pollutants. 1. Polychlorinated biphenyls and organochlorine pesticides,Environmental Science and Technology 38:4474-4483.,http://dx.doi.org/10.1021/es040302r
2161971,"Totten, LA; Gigliotti, CL; Vanry, DA; Offenberg, JH; Nelson, ED; Dachs, J; Reinfelder, JR; Eisenreich, SI",Totten_2004,Totten,2004,Atmospheric concentrations and deposition of polychorinated biphenyls to the Hudson River Estuary,Environmental Science & Technology 38:2568-2573.,http://dx.doi.org/10.1021/es034878c
102094,"Yeo, HG; Choi, M; Chun, MY; Sunwoo, Y",Yeo_2003,Yeo,2003,Gas/particle concentrations and partitioning of PCBs in the atmosphere of Korea,Atmospheric Environment 37:3561-3570.,http://dx.doi.org/10.1016/s1352-2310(03)00361-3
2164050,"Gouin, T; Thomas, GO; Cousins, I; Barber, J; Mackay, D; Jones, KC",Gouin_2002,Gouin,2002,Air-surface exchange of polybrominated biphenyl ethers and polychlorinated biphenyls,Environmental Science and Technology 36:1426-1434.,http://dx.doi.org/10.1021/es011105k
125004,"Mandalakis, M; Tsapakis, M; Tsoga, A; Stephanou, EG",Mandalakis_2002,Mandalakis,2002,"Gas-particle concentrations and distribution of aliphatic hydrocarbons, PAHs, PCBs and PCDD/Fs in the atmosphere of Athens (Greece)",Atmospheric Environment 36:4023-4035.,http://dx.doi.org/10.1016/s1352-2310(02)00362-x
198211,"Kohler, M; Zennegg, M; Waeber, R",Kohler_2002,Kohler,2002,Coplanar polychlorinated biphenyls (PCB) in indoor air,Environmental Science and Technology 36:4735-4740.,http://dx.doi.org/10.1021/es025622u
2153094,"Bamford, HA; Ko, FC; Baker, JE",Bamford_2002,Bamford,2002,Seasonal and annual air-water exchange of polychlorinated biphenyls across Baltimore Harbor and the northern Chesapeake Bay,Environmental Science and Technology 36:4245-4252.,http://dx.doi.org/10.1021/es0206893
2164086,"Mandalakis, M; Stephanou, EG",Mandalakis_2002,Mandalakis,2002,"Polychlorinated biphenyls associated with fine particles (PM25) in the urban environment of Chile: concentration levels, and sampling volatilization losses",Environmental Toxicology and Chemistry 21:2270-2275.,https://www.ncbi.nlm.nih.gov/pubmed/12389903
2175094,"Mandalakis, M; Stephanou, EG",Mandalakis_2002,Mandalakis,2002,Study of atmospheric PCB concentrations over the eastern Mediterranean Sea,Journal of Geophysical Research: Atmospheres 107.,http://dx.doi.org/10.1029/2001jd001566
2164109,"Shoeib, M; Harner, T",Shoeib_2002,Shoeib,2002,Characterization and comparison of three passive air samplers for persistent organic pollutants,Environmental Science & Technology 36:4142-4151.,http://dx.doi.org/10.1021/es020635t
2154156,"Bi, XH; Chu, SG; Meng, QY; Xu, XB",Bi_2002,Bi,2002,Movement and retention of polychlorinated biphenyls in a paddy field of WenTai area in China,"Agriculture, Ecosystems & Environment 89:241-252.",http://dx.doi.org/10.1016/s0167-8809(01)00210-9
149386,"Brunciak, PA; Dachs, J; Gigliotti, CL; Nelson, ED; Eisenreich, SJ",Brunciak_2001,Brunciak,2001,Atmospheric polychlorinated biphenyl concentrations and apparent degradation in coastal New Jersey,Atmospheric Environment 35:3325-3339.,N/A
2165548,"Mandalakis, M; Tsapakis, M; Stephanou, EG",Mandalakis_2001,Mandalakis,2001,Optimization and application of high-resolution gas chromatography with ion trap tandem mass spectrometry to the determination of polychlorinated biphenyls in atmospheric aerosols,Journal of Chromatography A 925:183-196.,http://dx.doi.org/10.1016/s0021-9673(01)01033-0
995692,"Chiarenzelli, J; Pagano, J; Scrudato, R; Falanga, L; Migdal, K; Hartwell, A; Milligan, M; Battalagia, T; Holsen, TM; Hsu, Y; Hopke, P",Chiarenzelli_2001,Chiarenzelli,2001,Enhanced airborne polychlorinated biphenyl (PCB) concentrations and chlorination downwind of Lake Ontario,Environmental Science and Technology 35:3280-3286.,http://dx.doi.org/10.1021/es010519a
2158746,"Currado, GM; Harrad, S",Currado_2000,Currado,2000,"Factors influencing atmospheric concentrations of polychlorinated biphenyls in Birmingham, UK",Environmental Science and Technology 34:78-82.,http://dx.doi.org/10.1021/es990752x
198177,"Currado, GM; Harrad, S",Currado_1998,Currado,1998,Comparison of polychlorinated biphenyl concentrations in indoor and outdoor air and the potential significance of inhalation as a human exposure pathway,Environmental Science and Technology 32:3043-3047.,http://dx.doi.org/10.1021/es970735c
2181948,"Rawn, DFK; Halldorson, THJ; Lawson, BD; Muir, DCG",Rawn_1998,Rawn,1998,Polychlorinated biphenyls in a rural watershed in the southern prairie region of Canada,Environmental Pollution 102:77-90.,http://dx.doi.org/10.1016/s0269-7491(98)00066-9
38050,"Simcik, MF; Franz, TP; Zhang, H; Eisenreich, SJ",Simcik_1998,Simcik,1998,Gas-particle partitioning of PCBs and PAHs in the Chicago urban and adjacent coastal atmosphere: States of equilibrium,Environmental Science and Technology 32:251-257.,http://dx.doi.org/10.1021/es970557n
2169075,"Kallenborn, R; Oehme, M; Wynn-Williams, DD; Schlabach, M; Harris, J",Kallenborn_1998,Kallenborn,1998,"Ambient air levels and atmospheric long-range transport of persistent organochlorines to Signy Island, Antarctica",Science of the Total Environment 220:167-180.,http://dx.doi.org/10.1016/s0048-9697(98)00257-5
84544,"Vorhees, DJ; Cullen, AC; Altshul, LM",Vorhees_1997,Vorhees,1997,Exposure to polychlorinated biphenyls in residential indoor air and outdoor air near a superfund site,Environmental Science and Technology 31:3612-3618.,http://dx.doi.org/10.1021/es970371o
86388,"Currado, GM; Harrad, S",Currado_1997,Currado,1997,The significance of indoor air inhalation as a pathway of human exposure to PCBs,N/A,N/A
156096,"Stern, GA; Halsall, CJ; Barrie, LA; Muir, DCG; Fellin, P; Rosenberg, B",Stern_1997,Stern,1997,Polychlorinated biphenyls in arctic air. 1. Temporal and spatial trends: 1992-1994,Environmental Science and Technology 31:3619-3628.,http://dx.doi.org/10.1021/es970375t
201435,"Hansen, LG; Green, D; Cochran, J; Vermette, S; Bush, B",Hansen_1997,Hansen,1997,"Chlorobiphenyl (PCB) composition of extracts of subsurface soil, superficial dust and air from a contaminated landfill",357:442-448.,http://dx.doi.org/10.1007/s002160050186
198190,"Halsall, CJ; Lee, RGM; Coleman, PJ; Burnett, V; Harding-Jones, P; Jones, KC",Halsall_1995,Halsall,1995,PCBs in U.K. Urban Air,Environmental Science and Technology 29:2368-2376.,http://dx.doi.org/10.1021/es00009a032
2166893,"Hornbuckle, KC; Sweet, CW; Pearson, RF; Swackhamer, DL; Eisenreich, SJ",Hornbuckle_1995,Hornbuckle,1995,Assessing annual water-air fluxes of polychlorinated-biphenyls in Lake Michigan,Environmental Science and Technology 29:869-877.,http://dx.doi.org/10.1021/es00004a006
1056988,"Cotham, WE; Bidleman, TF",Cotham_1995,Cotham,1995,Polycyclic aromatic hydrocarbons and polychlorinated biphenyls in air at an urban and a rural site near lake michigan,Environmental Science and Technology 29:2782-2789.,http://dx.doi.org/10.1021/es00011a013
2183623,"SchreitmÃ¼ller, J; Vigneron, M; Bacher, R; Ballschmiter, K",SchreitmÃ¼ller_1994,SchreitmÃ¼ller,1994,Pattern-analysis of polychlorinated-biphenyls (PCB) in marine air of the Atlantic ocean,International Journal of Environmental Analytical Chemistry 57:33-52.,http://dx.doi.org/10.1080/03067319408033100
198227,"Panshin, SY; Hites, RA",Panshin_1994,Panshin,1994,Atmospheric concentrations of polychlorinated biphenyls at Bermuda,Environmental Science and Technology 28:2001-2007.,http://dx.doi.org/10.1021/es00061a007
995690,"Hornbuckle, KC; Achman, DR; Eisenreich, SJ",Hornbuckle_1993,Hornbuckle,1993,"Over-water and over-land polychlorinated biphenyls in Green Bay, Lake Michigan",Environmental Science and Technology 27:87-98.,http://dx.doi.org/10.1021/es00038a008
2185554,"Sweet, CW; Murphy, TJ; Bannasch, JH; Kelsey, CA; Hong, J",Sweet_1993,Sweet,1993,Atmospheric deposition of PCBs into Green Bay,Journal of Great Lakes Research 19:109-128.,N/A
198254,"Hoff, RM; Muir, CG; Grift, NP",Hoff_1992,Hoff,1992,Annual cycle of polychlorinated biphenyls and organohalogen pesticides in air in southern Ontario. 1. Air concentration data,Environmental Science and Technology 26:266-275.,http://dx.doi.org/10.1021/es00026a005
202785,"Baker, JE; Eisenreich, SJ",Baker_1990,Baker,1990,Concentrations and fluxes of polycyclic aromatic hydrocarbons and polychlorinated biphenyls across the air-water interface of Lake Superior,Environmental Science and Technology 24:342-352.,http://dx.doi.org/10.1021/es00073a009
2160482,"Duinker, JC; Bouchertall, F",Duinker_1989,Duinker,1989,"On the distribution of atmospheric polychlorinated biphenyl congeners between vapor-phase, aerosols, and rain",Environmental Science and Technology 23:57-62.,http://dx.doi.org/10.1021/es00178a006
2197916,"Tanabe, S; Kawano, M; Tatsukawa, R",Tanabe_1982,Tanabe,1982,"Chlorinated hydrocarbons in the Antarctic, western Pacific and eastern Indian oceans",Transactions of the Tokyo University of Fisheries (5):97-110.,N/A
